x-axis,2
second,Volt
-1.059375000000e-004, 4.77889e-002
-1.058335000000e-004, 3.97488e-002
-1.057295000000e-004, 4.77889e-002
-1.056255000000e-004, 4.77889e-002
-1.055215000000e-004, 4.77889e-002
-1.054175000000e-004, 4.77889e-002
-1.053135000000e-004, 4.77889e-002
-1.052095000000e-004, 4.77889e-002
-1.051055000000e-004, 4.77889e-002
-1.050015000000e-004, 4.77889e-002
-1.048975000000e-004, 5.58292e-002
-1.047935000000e-004, 5.58292e-002
-1.046895000000e-004, 4.77889e-002
-1.045855000000e-004, 5.58292e-002
-1.044815000000e-004, 5.58292e-002
-1.043775000000e-004, 5.58292e-002
-1.042735000000e-004, 5.58292e-002
-1.041695000000e-004, 4.77889e-002
-1.040655000000e-004, 5.58292e-002
-1.039615000000e-004, 5.58292e-002
-1.038575000000e-004, 5.58292e-002
-1.037535000000e-004, 5.58292e-002
-1.036495000000e-004, 5.58292e-002
-1.035455000000e-004, 6.38694e-002
-1.034415000000e-004, 5.58292e-002
-1.033375000000e-004, 6.38694e-002
-1.032335000000e-004, 5.58292e-002
-1.031295000000e-004, 5.58292e-002
-1.030255000000e-004, 5.58292e-002
-1.029215000000e-004, 6.38694e-002
-1.028175000000e-004, 5.58292e-002
-1.027135000000e-004, 5.58292e-002
-1.026095000000e-004, 6.38694e-002
-1.025055000000e-004, 5.58292e-002
-1.024015000000e-004, 6.38694e-002
-1.022975000000e-004, 6.38694e-002
-1.021935000000e-004, 6.38694e-002
-1.020895000000e-004, 6.38694e-002
-1.019855000000e-004, 5.58292e-002
-1.018815000000e-004, 6.38694e-002
-1.017775000000e-004, 5.58292e-002
-1.016735000000e-004, 6.38694e-002
-1.015695000000e-004, 5.58292e-002
-1.014655000000e-004, 6.38694e-002
-1.013615000000e-004, 5.58292e-002
-1.012575000000e-004, 5.58292e-002
-1.011535000000e-004, 5.58292e-002
-1.010495000000e-004, 5.58292e-002
-1.009455000000e-004, 5.58292e-002
-1.008415000000e-004, 5.58292e-002
-1.007375000000e-004, 6.38694e-002
-1.006335000000e-004, 5.58292e-002
-1.005295000000e-004, 5.58292e-002
-1.004255000000e-004, 5.58292e-002
-1.003215000000e-004, 6.38694e-002
-1.002175000000e-004, 5.58292e-002
-1.001135000000e-004, 5.58292e-002
-1.000095000000e-004, 5.58292e-002
-9.990550000000e-005, 5.58292e-002
-9.980150000000e-005, 5.58292e-002
-9.969750000000e-005, 5.58292e-002
-9.959350000000e-005, 5.58292e-002
-9.948950000000e-005, 5.58292e-002
-9.938550000000e-005, 4.77889e-002
-9.928150000000e-005, 5.58292e-002
-9.917750000000e-005, 5.58292e-002
-9.907350000000e-005, 5.58292e-002
-9.896950000000e-005, 4.77889e-002
-9.886550000000e-005, 4.77889e-002
-9.876150000000e-005, 4.77889e-002
-9.865750000000e-005, 4.77889e-002
-9.855350000000e-005, 4.77889e-002
-9.844950000000e-005, 4.77889e-002
-9.834550000000e-005, 4.77889e-002
-9.824150000000e-005, 4.77889e-002
-9.813750000000e-005, 4.77889e-002
-9.803350000000e-005, 3.97488e-002
-9.792950000000e-005, 4.77889e-002
-9.782550000000e-005, 4.77889e-002
-9.772150000000e-005, 3.97488e-002
-9.761750000000e-005, 3.97488e-002
-9.751350000000e-005, 4.77889e-002
-9.740950000000e-005, 3.97488e-002
-9.730550000000e-005, 3.97488e-002
-9.720150000000e-005, 3.97488e-002
-9.709750000000e-005, 3.97488e-002
-9.699350000000e-005, 3.97488e-002
-9.688950000000e-005, 3.17086e-002
-9.678550000000e-005, 3.17086e-002
-9.668150000000e-005, 3.17086e-002
-9.657750000000e-005, 3.17086e-002
-9.647350000000e-005, 3.17086e-002
-9.636950000000e-005, 2.36683e-002
-9.626550000000e-005, 3.17086e-002
-9.616150000000e-005, 3.17086e-002
-9.605750000000e-005, 2.36683e-002
-9.595350000000e-005, 2.36683e-002
-9.584950000000e-005, 2.36683e-002
-9.574550000000e-005, 2.36683e-002
-9.564150000000e-005, 2.36683e-002
-9.553750000000e-005, 2.36683e-002
-9.543350000000e-005, 1.56282e-002
-9.532950000000e-005, 1.56282e-002
-9.522550000000e-005, 1.56282e-002
-9.512150000000e-005, 1.56282e-002
-9.501750000000e-005, 1.56282e-002
-9.491350000000e-005, 1.56282e-002
-9.480950000000e-005, 1.56282e-002
-9.470550000000e-005, 7.58797e-003
-9.460150000000e-005, 7.58797e-003
-9.449750000000e-005, 7.58797e-003
-9.439350000000e-005,-4.52250e-004
-9.428950000000e-005, 7.58797e-003
-9.418550000000e-005,-4.52250e-004
-9.408150000000e-005,-4.52250e-004
-9.397750000000e-005,-4.52250e-004
-9.387350000000e-005,-4.52250e-004
-9.376950000000e-005,-8.49244e-003
-9.366550000000e-005,-8.49244e-003
-9.356150000000e-005,-8.49244e-003
-9.345750000000e-005,-8.49244e-003
-9.335350000000e-005,-8.49244e-003
-9.324950000000e-005,-8.49244e-003
-9.314550000000e-005,-8.49244e-003
-9.304150000000e-005,-8.49244e-003
-9.293750000000e-005,-1.65327e-002
-9.283350000000e-005,-8.49244e-003
-9.272950000000e-005,-1.65327e-002
-9.262550000000e-005,-1.65327e-002
-9.252150000000e-005,-1.65327e-002
-9.241750000000e-005,-1.65327e-002
-9.231350000000e-005,-2.45728e-002
-9.220950000000e-005,-1.65327e-002
-9.210550000000e-005,-2.45728e-002
-9.200150000000e-005,-1.65327e-002
-9.189750000000e-005,-1.65327e-002
-9.179350000000e-005,-2.45728e-002
-9.168950000000e-005,-2.45728e-002
-9.158550000000e-005,-2.45728e-002
-9.148150000000e-005,-2.45728e-002
-9.137750000000e-005,-2.45728e-002
-9.127350000000e-005,-2.45728e-002
-9.116950000000e-005,-2.45728e-002
-9.106550000000e-005,-2.45728e-002
-9.096150000000e-005,-3.26130e-002
-9.085750000000e-005,-3.26130e-002
-9.075350000000e-005,-3.26130e-002
-9.064950000000e-005,-3.26130e-002
-9.054550000000e-005,-3.26130e-002
-9.044150000000e-005,-3.26130e-002
-9.033750000000e-005,-4.06532e-002
-9.023350000000e-005,-3.26130e-002
-9.012950000000e-005,-3.26130e-002
-9.002550000000e-005,-3.26130e-002
-8.992150000000e-005,-3.26130e-002
-8.981750000000e-005,-3.26130e-002
-8.971350000000e-005,-4.06532e-002
-8.960950000000e-005,-4.06532e-002
-8.950550000000e-005,-4.06532e-002
-8.940150000000e-005,-3.26130e-002
-8.929750000000e-005,-4.06532e-002
-8.919350000000e-005,-3.26130e-002
-8.908950000000e-005,-4.06532e-002
-8.898550000000e-005,-4.06532e-002
-8.888150000000e-005,-4.06532e-002
-8.877750000000e-005,-4.06532e-002
-8.867350000000e-005,-4.06532e-002
-8.856950000000e-005,-4.06532e-002
-8.846550000000e-005,-4.06532e-002
-8.836150000000e-005,-4.06532e-002
-8.825750000000e-005,-4.06532e-002
-8.815350000000e-005,-4.06532e-002
-8.804950000000e-005,-4.86935e-002
-8.794550000000e-005,-4.86935e-002
-8.784150000000e-005,-4.06532e-002
-8.773750000000e-005,-4.06532e-002
-8.763350000000e-005,-4.86935e-002
-8.752950000000e-005,-4.86935e-002
-8.742550000000e-005,-4.06532e-002
-8.732150000000e-005,-4.86935e-002
-8.721750000000e-005,-4.86935e-002
-8.711350000000e-005,-4.86935e-002
-8.700950000000e-005,-4.86935e-002
-8.690550000000e-005,-4.86935e-002
-8.680150000000e-005,-4.86935e-002
-8.669750000000e-005,-4.86935e-002
-8.659350000000e-005,-5.67337e-002
-8.648950000000e-005,-4.86935e-002
-8.638550000000e-005,-4.86935e-002
-8.628150000000e-005,-4.86935e-002
-8.617750000000e-005,-4.86935e-002
-8.607350000000e-005,-4.86935e-002
-8.596950000000e-005,-4.86935e-002
-8.586550000000e-005,-4.86935e-002
-8.576150000000e-005,-4.86935e-002
-8.565750000000e-005,-4.86935e-002
-8.555350000000e-005,-4.86935e-002
-8.544950000000e-005,-4.86935e-002
-8.534550000000e-005,-4.86935e-002
-8.524150000000e-005,-5.67337e-002
-8.513750000000e-005,-5.67337e-002
-8.503350000000e-005,-4.86935e-002
-8.492950000000e-005,-4.86935e-002
-8.482550000000e-005,-5.67337e-002
-8.472150000000e-005,-4.86935e-002
-8.461750000000e-005,-5.67337e-002
-8.451350000000e-005,-5.67337e-002
-8.440950000000e-005,-5.67337e-002
-8.430550000000e-005,-4.86935e-002
-8.420150000000e-005,-4.86935e-002
-8.409750000000e-005,-4.86935e-002
-8.399350000000e-005,-5.67337e-002
-8.388950000000e-005,-5.67337e-002
-8.378550000000e-005,-5.67337e-002
-8.368150000000e-005,-5.67337e-002
-8.357750000000e-005,-4.86935e-002
-8.347350000000e-005,-4.86935e-002
-8.336950000000e-005,-5.67337e-002
-8.326550000000e-005,-4.86935e-002
-8.316150000000e-005,-5.67337e-002
-8.305750000000e-005,-4.86935e-002
-8.295350000000e-005,-4.86935e-002
-8.284950000000e-005,-4.86935e-002
-8.274550000000e-005,-4.86935e-002
-8.264150000000e-005,-4.86935e-002
-8.253750000000e-005,-5.67337e-002
-8.243350000000e-005,-4.86935e-002
-8.232950000000e-005,-4.86935e-002
-8.222550000000e-005,-4.86935e-002
-8.212150000000e-005,-4.86935e-002
-8.201750000000e-005,-4.86935e-002
-8.191350000000e-005,-4.86935e-002
-8.180950000000e-005,-4.86935e-002
-8.170550000000e-005,-4.86935e-002
-8.160150000000e-005,-4.86935e-002
-8.149750000000e-005,-4.86935e-002
-8.139350000000e-005,-4.86935e-002
-8.128950000000e-005,-4.86935e-002
-8.118550000000e-005,-4.86935e-002
-8.108150000000e-005,-4.06532e-002
-8.097750000000e-005,-4.86935e-002
-8.087350000000e-005,-4.06532e-002
-8.076950000000e-005,-4.06532e-002
-8.066550000000e-005,-4.06532e-002
-8.056150000000e-005,-4.06532e-002
-8.045750000000e-005,-4.86935e-002
-8.035350000000e-005,-4.06532e-002
-8.024950000000e-005,-4.06532e-002
-8.014550000000e-005,-4.06532e-002
-8.004150000000e-005,-4.06532e-002
-7.993750000000e-005,-4.06532e-002
-7.983350000000e-005,-4.06532e-002
-7.972950000000e-005,-4.06532e-002
-7.962550000000e-005,-4.06532e-002
-7.952150000000e-005,-4.06532e-002
-7.941750000000e-005,-4.06532e-002
-7.931350000000e-005,-4.06532e-002
-7.920950000000e-005,-4.06532e-002
-7.910550000000e-005,-3.26130e-002
-7.900150000000e-005,-4.06532e-002
-7.889750000000e-005,-3.26130e-002
-7.879350000000e-005,-4.06532e-002
-7.868950000000e-005,-3.26130e-002
-7.858550000000e-005,-3.26130e-002
-7.848150000000e-005,-3.26130e-002
-7.837750000000e-005,-4.06532e-002
-7.827350000000e-005,-3.26130e-002
-7.816950000000e-005,-3.26130e-002
-7.806550000000e-005,-3.26130e-002
-7.796150000000e-005,-3.26130e-002
-7.785750000000e-005,-3.26130e-002
-7.775350000000e-005,-2.45728e-002
-7.764950000000e-005,-3.26130e-002
-7.754550000000e-005,-3.26130e-002
-7.744150000000e-005,-3.26130e-002
-7.733750000000e-005,-2.45728e-002
-7.723350000000e-005,-2.45728e-002
-7.712950000000e-005,-2.45728e-002
-7.702550000000e-005,-2.45728e-002
-7.692150000000e-005,-2.45728e-002
-7.681750000000e-005,-2.45728e-002
-7.671350000000e-005,-2.45728e-002
-7.660950000000e-005,-2.45728e-002
-7.650550000000e-005,-1.65327e-002
-7.640150000000e-005,-1.65327e-002
-7.629750000000e-005,-2.45728e-002
-7.619350000000e-005,-2.45728e-002
-7.608950000000e-005,-1.65327e-002
-7.598550000000e-005,-1.65327e-002
-7.588150000000e-005,-1.65327e-002
-7.577750000000e-005,-1.65327e-002
-7.567350000000e-005,-1.65327e-002
-7.556950000000e-005,-1.65327e-002
-7.546550000000e-005,-8.49244e-003
-7.536150000000e-005,-8.49244e-003
-7.525750000000e-005,-8.49244e-003
-7.515350000000e-005,-8.49244e-003
-7.504950000000e-005,-8.49244e-003
-7.494550000000e-005,-8.49244e-003
-7.484150000000e-005,-8.49244e-003
-7.473750000000e-005,-8.49244e-003
-7.463350000000e-005,-4.52250e-004
-7.452950000000e-005,-8.49244e-003
-7.442550000000e-005,-4.52250e-004
-7.432150000000e-005,-4.52250e-004
-7.421750000000e-005, 7.58797e-003
-7.411350000000e-005,-4.52250e-004
-7.400950000000e-005,-4.52250e-004
-7.390550000000e-005,-4.52250e-004
-7.380150000000e-005, 7.58797e-003
-7.369750000000e-005, 7.58797e-003
-7.359350000000e-005, 7.58797e-003
-7.348950000000e-005, 7.58797e-003
-7.338550000000e-005, 7.58797e-003
-7.328150000000e-005, 7.58797e-003
-7.317750000000e-005, 7.58797e-003
-7.307350000000e-005, 1.56282e-002
-7.296950000000e-005, 1.56282e-002
-7.286550000000e-005, 1.56282e-002
-7.276150000000e-005, 1.56282e-002
-7.265750000000e-005, 1.56282e-002
-7.255350000000e-005, 2.36683e-002
-7.244950000000e-005, 2.36683e-002
-7.234550000000e-005, 1.56282e-002
-7.224150000000e-005, 2.36683e-002
-7.213750000000e-005, 2.36683e-002
-7.203350000000e-005, 2.36683e-002
-7.192950000000e-005, 3.17086e-002
-7.182550000000e-005, 2.36683e-002
-7.172150000000e-005, 2.36683e-002
-7.161750000000e-005, 2.36683e-002
-7.151350000000e-005, 3.17086e-002
-7.140950000000e-005, 3.17086e-002
-7.130550000000e-005, 3.17086e-002
-7.120150000000e-005, 3.17086e-002
-7.109750000000e-005, 3.97488e-002
-7.099350000000e-005, 3.17086e-002
-7.088950000000e-005, 3.97488e-002
-7.078550000000e-005, 3.97488e-002
-7.068150000000e-005, 3.97488e-002
-7.057750000000e-005, 3.97488e-002
-7.047350000000e-005, 4.77889e-002
-7.036950000000e-005, 3.97488e-002
-7.026550000000e-005, 3.97488e-002
-7.016150000000e-005, 3.97488e-002
-7.005750000000e-005, 4.77889e-002
-6.995350000000e-005, 3.97488e-002
-6.984950000000e-005, 4.77889e-002
-6.974550000000e-005, 4.77889e-002
-6.964150000000e-005, 4.77889e-002
-6.953750000000e-005, 4.77889e-002
-6.943350000000e-005, 4.77889e-002
-6.932950000000e-005, 5.58292e-002
-6.922550000000e-005, 4.77889e-002
-6.912150000000e-005, 5.58292e-002
-6.901750000000e-005, 5.58292e-002
-6.891350000000e-005, 4.77889e-002
-6.880950000000e-005, 5.58292e-002
-6.870550000000e-005, 5.58292e-002
-6.860150000000e-005, 5.58292e-002
-6.849750000000e-005, 5.58292e-002
-6.839350000000e-005, 5.58292e-002
-6.828950000000e-005, 5.58292e-002
-6.818550000000e-005, 5.58292e-002
-6.808150000000e-005, 5.58292e-002
-6.797750000000e-005, 5.58292e-002
-6.787350000000e-005, 5.58292e-002
-6.776950000000e-005, 5.58292e-002
-6.766550000000e-005, 5.58292e-002
-6.756150000000e-005, 5.58292e-002
-6.745750000000e-005, 5.58292e-002
-6.735350000000e-005, 5.58292e-002
-6.724950000000e-005, 6.38694e-002
-6.714550000000e-005, 6.38694e-002
-6.704150000000e-005, 6.38694e-002
-6.693750000000e-005, 5.58292e-002
-6.683350000000e-005, 6.38694e-002
-6.672950000000e-005, 6.38694e-002
-6.662550000000e-005, 5.58292e-002
-6.652150000000e-005, 6.38694e-002
-6.641750000000e-005, 6.38694e-002
-6.631350000000e-005, 6.38694e-002
-6.620950000000e-005, 5.58292e-002
-6.610550000000e-005, 6.38694e-002
-6.600150000000e-005, 6.38694e-002
-6.589750000000e-005, 5.58292e-002
-6.579350000000e-005, 5.58292e-002
-6.568950000000e-005, 5.58292e-002
-6.558550000000e-005, 5.58292e-002
-6.548150000000e-005, 5.58292e-002
-6.537750000000e-005, 6.38694e-002
-6.527350000000e-005, 6.38694e-002
-6.516950000000e-005, 5.58292e-002
-6.506550000000e-005, 5.58292e-002
-6.496150000000e-005, 5.58292e-002
-6.485750000000e-005, 5.58292e-002
-6.475350000000e-005, 6.38694e-002
-6.464950000000e-005, 5.58292e-002
-6.454550000000e-005, 5.58292e-002
-6.444150000000e-005, 5.58292e-002
-6.433750000000e-005, 6.38694e-002
-6.423350000000e-005, 5.58292e-002
-6.412950000000e-005, 5.58292e-002
-6.402550000000e-005, 5.58292e-002
-6.392150000000e-005, 4.77889e-002
-6.381750000000e-005, 5.58292e-002
-6.371350000000e-005, 5.58292e-002
-6.360950000000e-005, 5.58292e-002
-6.350550000000e-005, 5.58292e-002
-6.340150000000e-005, 5.58292e-002
-6.329750000000e-005, 5.58292e-002
-6.319350000000e-005, 5.58292e-002
-6.308950000000e-005, 4.77889e-002
-6.298550000000e-005, 4.77889e-002
-6.288150000000e-005, 4.77889e-002
-6.277750000000e-005, 4.77889e-002
-6.267350000000e-005, 5.58292e-002
-6.256950000000e-005, 4.77889e-002
-6.246550000000e-005, 4.77889e-002
-6.236150000000e-005, 4.77889e-002
-6.225750000000e-005, 3.97488e-002
-6.215350000000e-005, 3.97488e-002
-6.204950000000e-005, 4.77889e-002
-6.194550000000e-005, 4.77889e-002
-6.184150000000e-005, 3.97488e-002
-6.173750000000e-005, 3.97488e-002
-6.163350000000e-005, 3.97488e-002
-6.152950000000e-005, 3.97488e-002
-6.142550000000e-005, 3.97488e-002
-6.132150000000e-005, 3.17086e-002
-6.121750000000e-005, 3.97488e-002
-6.111350000000e-005, 3.17086e-002
-6.100950000000e-005, 3.17086e-002
-6.090550000000e-005, 3.17086e-002
-6.080150000000e-005, 3.17086e-002
-6.069750000000e-005, 3.17086e-002
-6.059350000000e-005, 3.17086e-002
-6.048950000000e-005, 3.17086e-002
-6.038550000000e-005, 2.36683e-002
-6.028150000000e-005, 3.17086e-002
-6.017750000000e-005, 2.36683e-002
-6.007350000000e-005, 2.36683e-002
-5.996950000000e-005, 1.56282e-002
-5.986550000000e-005, 2.36683e-002
-5.976150000000e-005, 1.56282e-002
-5.965750000000e-005, 2.36683e-002
-5.955350000000e-005, 2.36683e-002
-5.944950000000e-005, 1.56282e-002
-5.934550000000e-005, 1.56282e-002
-5.924150000000e-005, 1.56282e-002
-5.913750000000e-005, 1.56282e-002
-5.903350000000e-005, 7.58797e-003
-5.892950000000e-005, 7.58797e-003
-5.882550000000e-005,-4.52250e-004
-5.872150000000e-005, 7.58797e-003
-5.861750000000e-005, 7.58797e-003
-5.851350000000e-005, 7.58797e-003
-5.840950000000e-005,-4.52250e-004
-5.830550000000e-005,-4.52250e-004
-5.820150000000e-005,-4.52250e-004
-5.809750000000e-005,-4.52250e-004
-5.799350000000e-005,-4.52250e-004
-5.788950000000e-005,-4.52250e-004
-5.778550000000e-005,-8.49244e-003
-5.768150000000e-005,-8.49244e-003
-5.757750000000e-005,-8.49244e-003
-5.747350000000e-005,-8.49244e-003
-5.736950000000e-005,-8.49244e-003
-5.726550000000e-005,-8.49244e-003
-5.716150000000e-005,-8.49244e-003
-5.705750000000e-005,-1.65327e-002
-5.695350000000e-005,-1.65327e-002
-5.684950000000e-005,-1.65327e-002
-5.674550000000e-005,-1.65327e-002
-5.664150000000e-005,-1.65327e-002
-5.653750000000e-005,-1.65327e-002
-5.643350000000e-005,-2.45728e-002
-5.632950000000e-005,-2.45728e-002
-5.622550000000e-005,-2.45728e-002
-5.612150000000e-005,-2.45728e-002
-5.601750000000e-005,-2.45728e-002
-5.591350000000e-005,-2.45728e-002
-5.580950000000e-005,-2.45728e-002
-5.570550000000e-005,-2.45728e-002
-5.560150000000e-005,-2.45728e-002
-5.549750000000e-005,-2.45728e-002
-5.539350000000e-005,-3.26130e-002
-5.528950000000e-005,-3.26130e-002
-5.518550000000e-005,-2.45728e-002
-5.508150000000e-005,-3.26130e-002
-5.497750000000e-005,-3.26130e-002
-5.487350000000e-005,-3.26130e-002
-5.476950000000e-005,-3.26130e-002
-5.466550000000e-005,-3.26130e-002
-5.456150000000e-005,-3.26130e-002
-5.445750000000e-005,-3.26130e-002
-5.435350000000e-005,-3.26130e-002
-5.424950000000e-005,-3.26130e-002
-5.414550000000e-005,-3.26130e-002
-5.404150000000e-005,-3.26130e-002
-5.393750000000e-005,-4.06532e-002
-5.383350000000e-005,-4.06532e-002
-5.372950000000e-005,-3.26130e-002
-5.362550000000e-005,-3.26130e-002
-5.352150000000e-005,-4.06532e-002
-5.341750000000e-005,-4.06532e-002
-5.331350000000e-005,-4.06532e-002
-5.320950000000e-005,-4.06532e-002
-5.310550000000e-005,-4.06532e-002
-5.300150000000e-005,-4.06532e-002
-5.289750000000e-005,-4.06532e-002
-5.279350000000e-005,-4.06532e-002
-5.268950000000e-005,-4.06532e-002
-5.258550000000e-005,-4.06532e-002
-5.248150000000e-005,-4.86935e-002
-5.237750000000e-005,-4.06532e-002
-5.227350000000e-005,-4.06532e-002
-5.216950000000e-005,-4.86935e-002
-5.206550000000e-005,-4.86935e-002
-5.196150000000e-005,-4.06532e-002
-5.185750000000e-005,-4.86935e-002
-5.175350000000e-005,-4.86935e-002
-5.164950000000e-005,-4.86935e-002
-5.154550000000e-005,-4.86935e-002
-5.144150000000e-005,-4.86935e-002
-5.133750000000e-005,-4.86935e-002
-5.123350000000e-005,-4.86935e-002
-5.112950000000e-005,-4.86935e-002
-5.102550000000e-005,-4.86935e-002
-5.092150000000e-005,-4.86935e-002
-5.081750000000e-005,-4.86935e-002
-5.071350000000e-005,-4.86935e-002
-5.060950000000e-005,-4.86935e-002
-5.050550000000e-005,-4.86935e-002
-5.040150000000e-005,-4.86935e-002
-5.029750000000e-005,-4.86935e-002
-5.019350000000e-005,-5.67337e-002
-5.008950000000e-005,-4.86935e-002
-4.998550000000e-005,-5.67337e-002
-4.988150000000e-005,-5.67337e-002
-4.977750000000e-005,-4.86935e-002
-4.967350000000e-005,-4.86935e-002
-4.956950000000e-005,-4.86935e-002
-4.946550000000e-005,-4.86935e-002
-4.936150000000e-005,-5.67337e-002
-4.925750000000e-005,-4.86935e-002
-4.915350000000e-005,-4.86935e-002
-4.904950000000e-005,-4.86935e-002
-4.894550000000e-005,-4.86935e-002
-4.884150000000e-005,-4.86935e-002
-4.873750000000e-005,-4.86935e-002
-4.863350000000e-005,-4.86935e-002
-4.852950000000e-005,-4.86935e-002
-4.842550000000e-005,-5.67337e-002
-4.832150000000e-005,-5.67337e-002
-4.821750000000e-005,-5.67337e-002
-4.811350000000e-005,-4.86935e-002
-4.800950000000e-005,-5.67337e-002
-4.790550000000e-005,-5.67337e-002
-4.780150000000e-005,-4.86935e-002
-4.769750000000e-005,-5.67337e-002
-4.759350000000e-005,-4.86935e-002
-4.748950000000e-005,-4.86935e-002
-4.738550000000e-005,-4.86935e-002
-4.728150000000e-005,-4.86935e-002
-4.717750000000e-005,-4.86935e-002
-4.707350000000e-005,-4.86935e-002
-4.696950000000e-005,-4.86935e-002
-4.686550000000e-005,-5.67337e-002
-4.676150000000e-005,-5.67337e-002
-4.665750000000e-005,-4.86935e-002
-4.655350000000e-005,-4.86935e-002
-4.644950000000e-005,-4.86935e-002
-4.634550000000e-005,-4.86935e-002
-4.624150000000e-005,-4.86935e-002
-4.613750000000e-005,-4.86935e-002
-4.603350000000e-005,-5.67337e-002
-4.592950000000e-005,-4.86935e-002
-4.582550000000e-005,-4.86935e-002
-4.572150000000e-005,-4.86935e-002
-4.561750000000e-005,-4.86935e-002
-4.551350000000e-005,-4.86935e-002
-4.540950000000e-005,-4.86935e-002
-4.530550000000e-005,-4.86935e-002
-4.520150000000e-005,-4.86935e-002
-4.509750000000e-005,-4.86935e-002
-4.499350000000e-005,-4.86935e-002
-4.488950000000e-005,-4.06532e-002
-4.478550000000e-005,-4.86935e-002
-4.468150000000e-005,-4.86935e-002
-4.457750000000e-005,-4.86935e-002
-4.447350000000e-005,-4.06532e-002
-4.436950000000e-005,-4.06532e-002
-4.426550000000e-005,-4.06532e-002
-4.416150000000e-005,-3.26130e-002
-4.405750000000e-005,-4.06532e-002
-4.395350000000e-005,-4.86935e-002
-4.384950000000e-005,-4.06532e-002
-4.374550000000e-005,-4.06532e-002
-4.364150000000e-005,-4.06532e-002
-4.353750000000e-005,-4.06532e-002
-4.343350000000e-005,-4.86935e-002
-4.332950000000e-005,-4.06532e-002
-4.322550000000e-005,-4.06532e-002
-4.312150000000e-005,-4.06532e-002
-4.301750000000e-005,-4.06532e-002
-4.291350000000e-005,-3.26130e-002
-4.280950000000e-005,-3.26130e-002
-4.270550000000e-005,-3.26130e-002
-4.260150000000e-005,-3.26130e-002
-4.249750000000e-005,-3.26130e-002
-4.239350000000e-005,-3.26130e-002
-4.228950000000e-005,-3.26130e-002
-4.218550000000e-005,-3.26130e-002
-4.208150000000e-005,-3.26130e-002
-4.197750000000e-005,-3.26130e-002
-4.187350000000e-005,-2.45728e-002
-4.176950000000e-005,-3.26130e-002
-4.166550000000e-005,-3.26130e-002
-4.156150000000e-005,-2.45728e-002
-4.145750000000e-005,-2.45728e-002
-4.135350000000e-005,-2.45728e-002
-4.124950000000e-005,-2.45728e-002
-4.114550000000e-005,-2.45728e-002
-4.104150000000e-005,-2.45728e-002
-4.093750000000e-005,-2.45728e-002
-4.083350000000e-005,-1.65327e-002
-4.072950000000e-005,-1.65327e-002
-4.062550000000e-005,-2.45728e-002
-4.052150000000e-005,-2.45728e-002
-4.041750000000e-005,-2.45728e-002
-4.031350000000e-005,-2.45728e-002
-4.020950000000e-005,-1.65327e-002
-4.010550000000e-005,-1.65327e-002
-4.000150000000e-005,-8.49244e-003
-3.989750000000e-005,-1.65327e-002
-3.979350000000e-005,-1.65327e-002
-3.968950000000e-005,-1.65327e-002
-3.958550000000e-005,-1.65327e-002
-3.948150000000e-005,-8.49244e-003
-3.937750000000e-005,-8.49244e-003
-3.927350000000e-005,-8.49244e-003
-3.916950000000e-005,-8.49244e-003
-3.906550000000e-005,-8.49244e-003
-3.896150000000e-005,-4.52250e-004
-3.885750000000e-005,-8.49244e-003
-3.875350000000e-005,-8.49244e-003
-3.864950000000e-005,-4.52250e-004
-3.854550000000e-005,-4.52250e-004
-3.844150000000e-005,-4.52250e-004
-3.833750000000e-005,-4.52250e-004
-3.823350000000e-005, 7.58797e-003
-3.812950000000e-005,-4.52250e-004
-3.802550000000e-005,-4.52250e-004
-3.792150000000e-005, 7.58797e-003
-3.781750000000e-005, 7.58797e-003
-3.771350000000e-005, 7.58797e-003
-3.760950000000e-005, 7.58797e-003
-3.750550000000e-005, 7.58797e-003
-3.740150000000e-005, 7.58797e-003
-3.729750000000e-005, 7.58797e-003
-3.719350000000e-005, 1.56282e-002
-3.708950000000e-005, 7.58797e-003
-3.698550000000e-005, 1.56282e-002
-3.688150000000e-005, 2.36683e-002
-3.677750000000e-005, 1.56282e-002
-3.667350000000e-005, 1.56282e-002
-3.656950000000e-005, 2.36683e-002
-3.646550000000e-005, 2.36683e-002
-3.636150000000e-005, 1.56282e-002
-3.625750000000e-005, 2.36683e-002
-3.615350000000e-005, 2.36683e-002
-3.604950000000e-005, 2.36683e-002
-3.594550000000e-005, 3.17086e-002
-3.584150000000e-005, 2.36683e-002
-3.573750000000e-005, 3.17086e-002
-3.563350000000e-005, 3.17086e-002
-3.552950000000e-005, 3.17086e-002
-3.542550000000e-005, 3.17086e-002
-3.532150000000e-005, 3.17086e-002
-3.521750000000e-005, 3.97488e-002
-3.511350000000e-005, 3.97488e-002
-3.500950000000e-005, 3.97488e-002
-3.490550000000e-005, 3.97488e-002
-3.480150000000e-005, 3.97488e-002
-3.469750000000e-005, 4.77889e-002
-3.459350000000e-005, 4.77889e-002
-3.448950000000e-005, 4.77889e-002
-3.438550000000e-005, 3.97488e-002
-3.428150000000e-005, 4.77889e-002
-3.417750000000e-005, 4.77889e-002
-3.407350000000e-005, 3.97488e-002
-3.396950000000e-005, 4.77889e-002
-3.386550000000e-005, 4.77889e-002
-3.376150000000e-005, 5.58292e-002
-3.365750000000e-005, 4.77889e-002
-3.355350000000e-005, 4.77889e-002
-3.344950000000e-005, 4.77889e-002
-3.334550000000e-005, 4.77889e-002
-3.324150000000e-005, 4.77889e-002
-3.313750000000e-005, 5.58292e-002
-3.303350000000e-005, 4.77889e-002
-3.292950000000e-005, 5.58292e-002
-3.282550000000e-005, 5.58292e-002
-3.272150000000e-005, 5.58292e-002
-3.261750000000e-005, 5.58292e-002
-3.251350000000e-005, 5.58292e-002
-3.240950000000e-005, 5.58292e-002
-3.230550000000e-005, 5.58292e-002
-3.220150000000e-005, 5.58292e-002
-3.209750000000e-005, 5.58292e-002
-3.199350000000e-005, 5.58292e-002
-3.188950000000e-005, 5.58292e-002
-3.178550000000e-005, 6.38694e-002
-3.168150000000e-005, 5.58292e-002
-3.157750000000e-005, 5.58292e-002
-3.147350000000e-005, 5.58292e-002
-3.136950000000e-005, 5.58292e-002
-3.126550000000e-005, 5.58292e-002
-3.116150000000e-005, 5.58292e-002
-3.105750000000e-005, 5.58292e-002
-3.095350000000e-005, 6.38694e-002
-3.084950000000e-005, 5.58292e-002
-3.074550000000e-005, 5.58292e-002
-3.064150000000e-005, 6.38694e-002
-3.053750000000e-005, 6.38694e-002
-3.043350000000e-005, 6.38694e-002
-3.032950000000e-005, 6.38694e-002
-3.022550000000e-005, 6.38694e-002
-3.012150000000e-005, 6.38694e-002
-3.001750000000e-005, 6.38694e-002
-2.991350000000e-005, 5.58292e-002
-2.980950000000e-005, 6.38694e-002
-2.970550000000e-005, 6.38694e-002
-2.960150000000e-005, 5.58292e-002
-2.949750000000e-005, 5.58292e-002
-2.939350000000e-005, 5.58292e-002
-2.928950000000e-005, 5.58292e-002
-2.918550000000e-005, 6.38694e-002
-2.908150000000e-005, 6.38694e-002
-2.897750000000e-005, 5.58292e-002
-2.887350000000e-005, 5.58292e-002
-2.876950000000e-005, 5.58292e-002
-2.866550000000e-005, 5.58292e-002
-2.856150000000e-005, 5.58292e-002
-2.845750000000e-005, 5.58292e-002
-2.835350000000e-005, 5.58292e-002
-2.824950000000e-005, 5.58292e-002
-2.814550000000e-005, 5.58292e-002
-2.804150000000e-005, 5.58292e-002
-2.793750000000e-005, 5.58292e-002
-2.783350000000e-005, 4.77889e-002
-2.772950000000e-005, 4.77889e-002
-2.762550000000e-005, 5.58292e-002
-2.752150000000e-005, 5.58292e-002
-2.741750000000e-005, 4.77889e-002
-2.731350000000e-005, 4.77889e-002
-2.720950000000e-005, 4.77889e-002
-2.710550000000e-005, 4.77889e-002
-2.700150000000e-005, 4.77889e-002
-2.689750000000e-005, 4.77889e-002
-2.679350000000e-005, 4.77889e-002
-2.668950000000e-005, 4.77889e-002
-2.658550000000e-005, 3.97488e-002
-2.648150000000e-005, 4.77889e-002
-2.637750000000e-005, 3.97488e-002
-2.627350000000e-005, 3.97488e-002
-2.616950000000e-005, 4.77889e-002
-2.606550000000e-005, 3.97488e-002
-2.596150000000e-005, 3.97488e-002
-2.585750000000e-005, 4.77889e-002
-2.575350000000e-005, 3.97488e-002
-2.564950000000e-005, 3.97488e-002
-2.554550000000e-005, 3.97488e-002
-2.544150000000e-005, 3.17086e-002
-2.533750000000e-005, 3.17086e-002
-2.523350000000e-005, 3.17086e-002
-2.512950000000e-005, 3.17086e-002
-2.502550000000e-005, 3.17086e-002
-2.492150000000e-005, 3.17086e-002
-2.481750000000e-005, 3.17086e-002
-2.471350000000e-005, 3.17086e-002
-2.460950000000e-005, 2.36683e-002
-2.450550000000e-005, 2.36683e-002
-2.440150000000e-005, 2.36683e-002
-2.429750000000e-005, 3.17086e-002
-2.419350000000e-005, 2.36683e-002
-2.408950000000e-005, 2.36683e-002
-2.398550000000e-005, 2.36683e-002
-2.388150000000e-005, 2.36683e-002
-2.377750000000e-005, 1.56282e-002
-2.367350000000e-005, 1.56282e-002
-2.356950000000e-005, 1.56282e-002
-2.346550000000e-005, 1.56282e-002
-2.336150000000e-005, 1.56282e-002
-2.325750000000e-005, 1.56282e-002
-2.315350000000e-005, 7.58797e-003
-2.304950000000e-005, 7.58797e-003
-2.294550000000e-005, 7.58797e-003
-2.284150000000e-005, 7.58797e-003
-2.273750000000e-005, 7.58797e-003
-2.263350000000e-005,-4.52250e-004
-2.252950000000e-005,-4.52250e-004
-2.242550000000e-005,-4.52250e-004
-2.232150000000e-005,-4.52250e-004
-2.221750000000e-005,-4.52250e-004
-2.211350000000e-005,-8.49244e-003
-2.200950000000e-005,-4.52250e-004
-2.190550000000e-005,-8.49244e-003
-2.180150000000e-005,-8.49244e-003
-2.169750000000e-005,-8.49244e-003
-2.159350000000e-005,-8.49244e-003
-2.148950000000e-005,-8.49244e-003
-2.138550000000e-005,-8.49244e-003
-2.128150000000e-005,-8.49244e-003
-2.117750000000e-005,-1.65327e-002
-2.107350000000e-005,-1.65327e-002
-2.096950000000e-005,-1.65327e-002
-2.086550000000e-005,-1.65327e-002
-2.076150000000e-005,-1.65327e-002
-2.065750000000e-005,-2.45728e-002
-2.055350000000e-005,-1.65327e-002
-2.044950000000e-005,-2.45728e-002
-2.034550000000e-005,-1.65327e-002
-2.024150000000e-005,-2.45728e-002
-2.013750000000e-005,-2.45728e-002
-2.003350000000e-005,-2.45728e-002
-1.992950000000e-005,-2.45728e-002
-1.982550000000e-005,-2.45728e-002
-1.972150000000e-005,-2.45728e-002
-1.961750000000e-005,-2.45728e-002
-1.951350000000e-005,-3.26130e-002
-1.940950000000e-005,-2.45728e-002
-1.930550000000e-005,-3.26130e-002
-1.920150000000e-005,-3.26130e-002
-1.909750000000e-005,-3.26130e-002
-1.899350000000e-005,-3.26130e-002
-1.888950000000e-005,-3.26130e-002
-1.878550000000e-005,-3.26130e-002
-1.868150000000e-005,-4.06532e-002
-1.857750000000e-005,-4.06532e-002
-1.847350000000e-005,-4.06532e-002
-1.836950000000e-005,-4.06532e-002
-1.826550000000e-005,-4.06532e-002
-1.816150000000e-005,-4.06532e-002
-1.805750000000e-005,-3.26130e-002
-1.795350000000e-005,-4.06532e-002
-1.784950000000e-005,-4.06532e-002
-1.774550000000e-005,-4.06532e-002
-1.764150000000e-005,-4.06532e-002
-1.753750000000e-005,-4.06532e-002
-1.743350000000e-005,-4.86935e-002
-1.732950000000e-005,-4.06532e-002
-1.722550000000e-005,-4.86935e-002
-1.712150000000e-005,-4.86935e-002
-1.701750000000e-005,-4.86935e-002
-1.691350000000e-005,-4.06532e-002
-1.680950000000e-005,-4.06532e-002
-1.670550000000e-005,-4.06532e-002
-1.660150000000e-005,-4.86935e-002
-1.649750000000e-005,-4.86935e-002
-1.639350000000e-005,-4.86935e-002
-1.628950000000e-005,-4.06532e-002
-1.618550000000e-005,-4.86935e-002
-1.608150000000e-005,-4.86935e-002
-1.597750000000e-005,-4.86935e-002
-1.587350000000e-005,-4.86935e-002
-1.576950000000e-005,-4.86935e-002
-1.566550000000e-005,-4.86935e-002
-1.556150000000e-005,-4.86935e-002
-1.545750000000e-005,-4.86935e-002
-1.535350000000e-005,-5.67337e-002
-1.524950000000e-005,-5.67337e-002
-1.514550000000e-005,-4.86935e-002
-1.504150000000e-005,-4.86935e-002
-1.493750000000e-005,-4.86935e-002
-1.483350000000e-005,-4.86935e-002
-1.472950000000e-005,-4.86935e-002
-1.462550000000e-005,-4.86935e-002
-1.452150000000e-005,-4.86935e-002
-1.441750000000e-005,-4.86935e-002
-1.431350000000e-005,-4.86935e-002
-1.420950000000e-005,-5.67337e-002
-1.410550000000e-005,-5.67337e-002
-1.400150000000e-005,-5.67337e-002
-1.389750000000e-005,-4.86935e-002
-1.379350000000e-005,-4.86935e-002
-1.368950000000e-005,-4.86935e-002
-1.358550000000e-005,-4.86935e-002
-1.348150000000e-005,-4.86935e-002
-1.337750000000e-005,-4.86935e-002
-1.327350000000e-005,-5.67337e-002
-1.316950000000e-005,-4.86935e-002
-1.306550000000e-005,-4.86935e-002
-1.296150000000e-005,-5.67337e-002
-1.285750000000e-005,-5.67337e-002
-1.275350000000e-005,-4.86935e-002
-1.264950000000e-005,-4.86935e-002
-1.254550000000e-005,-5.67337e-002
-1.244150000000e-005,-5.67337e-002
-1.233750000000e-005,-5.67337e-002
-1.223350000000e-005,-4.86935e-002
-1.212950000000e-005,-5.67337e-002
-1.202550000000e-005,-5.67337e-002
-1.192150000000e-005,-5.67337e-002
-1.181750000000e-005,-5.67337e-002
-1.171350000000e-005,-5.67337e-002
-1.160950000000e-005,-5.67337e-002
-1.150550000000e-005,-4.86935e-002
-1.140150000000e-005,-5.67337e-002
-1.129750000000e-005,-5.67337e-002
-1.119350000000e-005,-5.67337e-002
-1.108950000000e-005,-4.86935e-002
-1.098550000000e-005,-4.86935e-002
-1.088150000000e-005,-4.86935e-002
-1.077750000000e-005,-4.86935e-002
-1.067350000000e-005,-5.67337e-002
-1.056950000000e-005,-4.86935e-002
-1.046550000000e-005,-5.67337e-002
-1.036150000000e-005,-4.86935e-002
-1.025750000000e-005,-4.86935e-002
-1.015350000000e-005,-4.86935e-002
-1.004950000000e-005,-4.86935e-002
-9.945500000000e-006,-4.86935e-002
-9.841500000000e-006,-4.86935e-002
-9.737500000000e-006,-4.86935e-002
-9.633500000000e-006,-4.86935e-002
-9.529500000000e-006,-4.86935e-002
-9.425500000000e-006,-4.86935e-002
-9.321500000000e-006,-4.86935e-002
-9.217500000000e-006,-4.86935e-002
-9.113500000000e-006,-4.86935e-002
-9.009500000000e-006,-4.06532e-002
-8.905500000000e-006,-4.86935e-002
-8.801500000000e-006,-4.86935e-002
-8.697500000000e-006,-4.86935e-002
-8.593500000000e-006,-4.06532e-002
-8.489500000000e-006,-4.86935e-002
-8.385500000000e-006,-4.06532e-002
-8.281500000000e-006,-4.06532e-002
-8.177500000000e-006,-4.06532e-002
-8.073500000000e-006,-4.06532e-002
-7.969500000000e-006,-4.06532e-002
-7.865500000000e-006,-4.06532e-002
-7.761500000000e-006,-4.06532e-002
-7.657500000000e-006,-4.06532e-002
-7.553500000000e-006,-4.06532e-002
-7.449500000000e-006,-4.06532e-002
-7.345500000000e-006,-4.06532e-002
-7.241500000000e-006,-4.06532e-002
-7.137500000000e-006,-4.06532e-002
-7.033500000000e-006,-4.06532e-002
-6.929500000000e-006,-4.06532e-002
-6.825500000000e-006,-4.06532e-002
-6.721500000000e-006,-3.26130e-002
-6.617500000000e-006,-3.26130e-002
-6.513500000000e-006,-3.26130e-002
-6.409500000000e-006,-3.26130e-002
-6.305500000000e-006,-3.26130e-002
-6.201500000000e-006,-3.26130e-002
-6.097500000000e-006,-3.26130e-002
-5.993500000000e-006,-3.26130e-002
-5.889500000000e-006,-3.26130e-002
-5.785500000000e-006,-3.26130e-002
-5.681500000000e-006,-2.45728e-002
-5.577500000000e-006,-2.45728e-002
-5.473500000000e-006,-2.45728e-002
-5.369500000000e-006,-2.45728e-002
-5.265500000000e-006,-2.45728e-002
-5.161500000000e-006,-2.45728e-002
-5.057500000000e-006,-2.45728e-002
-4.953500000000e-006,-2.45728e-002
-4.849500000000e-006,-2.45728e-002
-4.745500000000e-006,-2.45728e-002
-4.641500000000e-006,-1.65327e-002
-4.537500000000e-006,-1.65327e-002
-4.433500000000e-006,-1.65327e-002
-4.329500000000e-006,-1.65327e-002
-4.225500000000e-006,-1.65327e-002
-4.121500000000e-006,-1.65327e-002
-4.017500000000e-006,-1.65327e-002
-3.913500000000e-006,-1.65327e-002
-3.809500000000e-006,-1.65327e-002
-3.705500000000e-006,-8.49244e-003
-3.601500000000e-006,-8.49244e-003
-3.497500000000e-006,-1.65327e-002
-3.393500000000e-006,-8.49244e-003
-3.289500000000e-006,-8.49244e-003
-3.185500000000e-006,-8.49244e-003
-3.081500000000e-006,-8.49244e-003
-2.977500000000e-006,-4.52250e-004
-2.873500000000e-006,-8.49244e-003
-2.769500000000e-006,-4.52250e-004
-2.665500000000e-006,-4.52250e-004
-2.561500000000e-006,-4.52250e-004
-2.457500000000e-006,-4.52250e-004
-2.353500000000e-006,-4.52250e-004
-2.249500000000e-006, 7.58797e-003
-2.145500000000e-006,-4.52250e-004
-2.041500000000e-006, 7.58797e-003
-1.937500000000e-006, 7.58797e-003
-1.833500000000e-006, 7.58797e-003
-1.729500000000e-006, 7.58797e-003
-1.625500000000e-006, 7.58797e-003
-1.521500000000e-006, 7.58797e-003
-1.417500000000e-006, 7.58797e-003
-1.313500000000e-006, 7.58797e-003
-1.209500000000e-006, 1.56282e-002
-1.105500000000e-006, 1.56282e-002
-1.001500000000e-006, 1.56282e-002
-8.975000000000e-007, 1.56282e-002
-7.935000000000e-007, 2.36683e-002
-6.895000000000e-007, 1.56282e-002
-5.855000000000e-007, 1.56282e-002
-4.815000000000e-007, 2.36683e-002
-3.775000000000e-007, 2.36683e-002
-2.735000000000e-007, 2.36683e-002
-1.695000000000e-007, 2.36683e-002
-6.550000000001e-008, 2.36683e-002
3.849999999998e-008, 3.17086e-002
1.425000000000e-007, 3.17086e-002
2.465000000000e-007, 3.17086e-002
3.505000000000e-007, 3.17086e-002
4.545000000000e-007, 3.97488e-002
5.585000000000e-007, 3.17086e-002
6.625000000000e-007, 3.97488e-002
7.665000000000e-007, 3.97488e-002
8.705000000000e-007, 3.97488e-002
9.745000000000e-007, 3.97488e-002
1.078500000000e-006, 3.97488e-002
1.182500000000e-006, 3.97488e-002
1.286500000000e-006, 4.77889e-002
1.390500000000e-006, 4.77889e-002
1.494500000000e-006, 4.77889e-002
1.598500000000e-006, 3.97488e-002
1.702500000000e-006, 4.77889e-002
1.806500000000e-006, 4.77889e-002
1.910500000000e-006, 4.77889e-002
2.014500000000e-006, 4.77889e-002
2.118500000000e-006, 5.58292e-002
2.222500000000e-006, 5.58292e-002
2.326500000000e-006, 4.77889e-002
2.430500000000e-006, 5.58292e-002
2.534500000000e-006, 5.58292e-002
2.638500000000e-006, 4.77889e-002
2.742500000000e-006, 5.58292e-002
2.846500000000e-006, 4.77889e-002
2.950500000000e-006, 5.58292e-002
3.054500000000e-006, 4.77889e-002
3.158500000000e-006, 5.58292e-002
3.262500000000e-006, 5.58292e-002
3.366500000000e-006, 5.58292e-002
3.470500000000e-006, 5.58292e-002
3.574500000000e-006, 4.77889e-002
3.678500000000e-006, 5.58292e-002
3.782500000000e-006, 5.58292e-002
3.886500000000e-006, 5.58292e-002
3.990500000000e-006, 6.38694e-002
4.094500000000e-006, 5.58292e-002
4.198500000000e-006, 5.58292e-002
4.302500000000e-006, 5.58292e-002
4.406500000000e-006, 5.58292e-002
4.510500000000e-006, 5.58292e-002
4.614500000000e-006, 6.38694e-002
4.718500000000e-006, 5.58292e-002
4.822500000000e-006, 5.58292e-002
4.926500000000e-006, 5.58292e-002
5.030500000000e-006, 6.38694e-002
5.134500000000e-006, 5.58292e-002
5.238500000000e-006, 5.58292e-002
5.342500000000e-006, 6.38694e-002
5.446500000000e-006, 5.58292e-002
5.550500000000e-006, 6.38694e-002
5.654500000000e-006, 6.38694e-002
5.758500000000e-006, 6.38694e-002
5.862500000000e-006, 5.58292e-002
5.966500000000e-006, 6.38694e-002
6.070500000000e-006, 6.38694e-002
6.174500000000e-006, 6.38694e-002
6.278500000000e-006, 5.58292e-002
6.382500000000e-006, 6.38694e-002
6.486500000000e-006, 5.58292e-002
6.590500000000e-006, 6.38694e-002
6.694500000000e-006, 6.38694e-002
6.798500000000e-006, 5.58292e-002
6.902500000000e-006, 5.58292e-002
7.006500000000e-006, 5.58292e-002
7.110500000000e-006, 5.58292e-002
7.214500000000e-006, 5.58292e-002
7.318500000000e-006, 5.58292e-002
7.422500000000e-006, 5.58292e-002
7.526500000000e-006, 5.58292e-002
7.630500000000e-006, 5.58292e-002
7.734500000000e-006, 5.58292e-002
7.838500000000e-006, 5.58292e-002
7.942500000000e-006, 5.58292e-002
8.046500000000e-006, 5.58292e-002
8.150500000000e-006, 4.77889e-002
8.254500000000e-006, 5.58292e-002
8.358500000000e-006, 4.77889e-002
8.462500000000e-006, 4.77889e-002
8.566500000000e-006, 4.77889e-002
8.670500000000e-006, 4.77889e-002
8.774500000000e-006, 4.77889e-002
8.878500000000e-006, 4.77889e-002
8.982500000000e-006, 4.77889e-002
9.086500000000e-006, 4.77889e-002
9.190500000000e-006, 4.77889e-002
9.294500000000e-006, 4.77889e-002
9.398500000000e-006, 4.77889e-002
9.502500000000e-006, 3.97488e-002
9.606500000000e-006, 3.97488e-002
9.710500000000e-006, 3.97488e-002
9.814500000000e-006, 4.77889e-002
9.918500000000e-006, 3.97488e-002
1.002250000000e-005, 3.97488e-002
1.012650000000e-005, 3.97488e-002
1.023050000000e-005, 3.97488e-002
1.033450000000e-005, 3.97488e-002
1.043850000000e-005, 3.97488e-002
1.054250000000e-005, 3.97488e-002
1.064650000000e-005, 3.17086e-002
1.075050000000e-005, 3.17086e-002
1.085450000000e-005, 3.17086e-002
1.095850000000e-005, 3.17086e-002
1.106250000000e-005, 3.17086e-002
1.116650000000e-005, 2.36683e-002
1.127050000000e-005, 3.17086e-002
1.137450000000e-005, 2.36683e-002
1.147850000000e-005, 3.17086e-002
1.158250000000e-005, 2.36683e-002
1.168650000000e-005, 2.36683e-002
1.179050000000e-005, 2.36683e-002
1.189450000000e-005, 1.56282e-002
1.199850000000e-005, 1.56282e-002
1.210250000000e-005, 1.56282e-002
1.220650000000e-005, 1.56282e-002
1.231050000000e-005, 1.56282e-002
1.241450000000e-005, 7.58797e-003
1.251850000000e-005, 1.56282e-002
1.262250000000e-005, 7.58797e-003
1.272650000000e-005, 7.58797e-003
1.283050000000e-005, 1.56282e-002
1.293450000000e-005, 7.58797e-003
1.303850000000e-005, 7.58797e-003
1.314250000000e-005, 7.58797e-003
1.324650000000e-005,-4.52250e-004
1.335050000000e-005,-4.52250e-004
1.345450000000e-005,-4.52250e-004
1.355850000000e-005,-4.52250e-004
1.366250000000e-005,-4.52250e-004
1.376650000000e-005,-8.49244e-003
1.387050000000e-005,-8.49244e-003
1.397450000000e-005,-8.49244e-003
1.407850000000e-005,-8.49244e-003
1.418250000000e-005,-8.49244e-003
1.428650000000e-005,-8.49244e-003
1.439050000000e-005,-8.49244e-003
1.449450000000e-005,-1.65327e-002
1.459850000000e-005,-1.65327e-002
1.470250000000e-005,-1.65327e-002
1.480650000000e-005,-1.65327e-002
1.491050000000e-005,-1.65327e-002
1.501450000000e-005,-1.65327e-002
1.511850000000e-005,-1.65327e-002
1.522250000000e-005,-1.65327e-002
1.532650000000e-005,-2.45728e-002
1.543050000000e-005,-2.45728e-002
1.553450000000e-005,-2.45728e-002
1.563850000000e-005,-2.45728e-002
1.574250000000e-005,-3.26130e-002
1.584650000000e-005,-2.45728e-002
1.595050000000e-005,-2.45728e-002
1.605450000000e-005,-2.45728e-002
1.615850000000e-005,-3.26130e-002
1.626250000000e-005,-3.26130e-002
1.636650000000e-005,-3.26130e-002
1.647050000000e-005,-3.26130e-002
1.657450000000e-005,-3.26130e-002
1.667850000000e-005,-2.45728e-002
1.678250000000e-005,-3.26130e-002
1.688650000000e-005,-2.45728e-002
1.699050000000e-005,-3.26130e-002
1.709450000000e-005,-3.26130e-002
1.719850000000e-005,-3.26130e-002
1.730250000000e-005,-3.26130e-002
1.740650000000e-005,-4.06532e-002
1.751050000000e-005,-3.26130e-002
1.761450000000e-005,-4.06532e-002
1.771850000000e-005,-4.06532e-002
1.782250000000e-005,-4.06532e-002
1.792650000000e-005,-4.06532e-002
1.803050000000e-005,-4.06532e-002
1.813450000000e-005,-4.06532e-002
1.823850000000e-005,-4.06532e-002
1.834250000000e-005,-4.06532e-002
1.844650000000e-005,-4.06532e-002
1.855050000000e-005,-4.06532e-002
1.865450000000e-005,-4.06532e-002
1.875850000000e-005,-4.06532e-002
1.886250000000e-005,-4.06532e-002
1.896650000000e-005,-4.86935e-002
1.907050000000e-005,-4.06532e-002
1.917450000000e-005,-4.06532e-002
1.927850000000e-005,-4.86935e-002
1.938250000000e-005,-4.86935e-002
1.948650000000e-005,-4.86935e-002
1.959050000000e-005,-4.06532e-002
1.969450000000e-005,-4.86935e-002
1.979850000000e-005,-4.06532e-002
1.990250000000e-005,-4.86935e-002
2.000650000000e-005,-4.86935e-002
2.011050000000e-005,-4.86935e-002
2.021450000000e-005,-4.86935e-002
2.031850000000e-005,-4.86935e-002
2.042250000000e-005,-4.86935e-002
2.052650000000e-005,-4.86935e-002
2.063050000000e-005,-4.86935e-002
2.073450000000e-005,-4.86935e-002
2.083850000000e-005,-4.86935e-002
2.094250000000e-005,-4.86935e-002
2.104650000000e-005,-4.86935e-002
2.115050000000e-005,-5.67337e-002
2.125450000000e-005,-4.86935e-002
2.135850000000e-005,-5.67337e-002
2.146250000000e-005,-4.86935e-002
2.156650000000e-005,-5.67337e-002
2.167050000000e-005,-4.86935e-002
2.177450000000e-005,-4.86935e-002
2.187850000000e-005,-4.86935e-002
2.198250000000e-005,-4.86935e-002
2.208650000000e-005,-4.86935e-002
2.219050000000e-005,-4.86935e-002
2.229450000000e-005,-4.86935e-002
2.239850000000e-005,-5.67337e-002
2.250250000000e-005,-4.86935e-002
2.260650000000e-005,-4.86935e-002
2.271050000000e-005,-5.67337e-002
2.281450000000e-005,-5.67337e-002
2.291850000000e-005,-4.86935e-002
2.302250000000e-005,-5.67337e-002
2.312650000000e-005,-5.67337e-002
2.323050000000e-005,-5.67337e-002
2.333450000000e-005,-5.67337e-002
2.343850000000e-005,-4.86935e-002
2.354250000000e-005,-5.67337e-002
2.364650000000e-005,-5.67337e-002
2.375050000000e-005,-4.86935e-002
2.385450000000e-005,-5.67337e-002
2.395850000000e-005,-5.67337e-002
2.406250000000e-005,-5.67337e-002
2.416650000000e-005,-5.67337e-002
2.427050000000e-005,-5.67337e-002
2.437450000000e-005,-5.67337e-002
2.447850000000e-005,-4.86935e-002
2.458250000000e-005,-4.86935e-002
2.468650000000e-005,-4.86935e-002
2.479050000000e-005,-4.86935e-002
2.489450000000e-005,-5.67337e-002
2.499850000000e-005,-4.86935e-002
2.510250000000e-005,-4.86935e-002
2.520650000000e-005,-4.86935e-002
2.531050000000e-005,-4.86935e-002
2.541450000000e-005,-4.86935e-002
2.551850000000e-005,-4.86935e-002
2.562250000000e-005,-4.86935e-002
2.572650000000e-005,-4.86935e-002
2.583050000000e-005,-4.86935e-002
2.593450000000e-005,-4.86935e-002
2.603850000000e-005,-4.86935e-002
2.614250000000e-005,-4.86935e-002
2.624650000000e-005,-4.86935e-002
2.635050000000e-005,-4.06532e-002
2.645450000000e-005,-4.86935e-002
2.655850000000e-005,-4.86935e-002
2.666250000000e-005,-4.86935e-002
2.676650000000e-005,-4.86935e-002
2.687050000000e-005,-4.06532e-002
2.697450000000e-005,-4.06532e-002
2.707850000000e-005,-4.86935e-002
2.718250000000e-005,-4.06532e-002
2.728650000000e-005,-4.06532e-002
2.739050000000e-005,-4.06532e-002
2.749450000000e-005,-4.06532e-002
2.759850000000e-005,-4.06532e-002
2.770250000000e-005,-4.06532e-002
2.780650000000e-005,-4.06532e-002
2.791050000000e-005,-4.06532e-002
2.801450000000e-005,-4.06532e-002
2.811850000000e-005,-4.06532e-002
2.822250000000e-005,-4.06532e-002
2.832650000000e-005,-4.06532e-002
2.843050000000e-005,-4.06532e-002
2.853450000000e-005,-3.26130e-002
2.863850000000e-005,-4.06532e-002
2.874250000000e-005,-4.06532e-002
2.884650000000e-005,-3.26130e-002
2.895050000000e-005,-4.06532e-002
2.905450000000e-005,-3.26130e-002
2.915850000000e-005,-3.26130e-002
2.926250000000e-005,-3.26130e-002
2.936650000000e-005,-3.26130e-002
2.947050000000e-005,-3.26130e-002
2.957450000000e-005,-3.26130e-002
2.967850000000e-005,-2.45728e-002
2.978250000000e-005,-3.26130e-002
2.988650000000e-005,-2.45728e-002
2.999050000000e-005,-3.26130e-002
3.009450000000e-005,-2.45728e-002
3.019850000000e-005,-2.45728e-002
3.030250000000e-005,-2.45728e-002
3.040650000000e-005,-2.45728e-002
3.051050000000e-005,-2.45728e-002
3.061450000000e-005,-2.45728e-002
3.071850000000e-005,-2.45728e-002
3.082250000000e-005,-2.45728e-002
3.092650000000e-005,-2.45728e-002
3.103050000000e-005,-1.65327e-002
3.113450000000e-005,-2.45728e-002
3.123850000000e-005,-1.65327e-002
3.134250000000e-005,-1.65327e-002
3.144650000000e-005,-1.65327e-002
3.155050000000e-005,-1.65327e-002
3.165450000000e-005,-1.65327e-002
3.175850000000e-005,-1.65327e-002
3.186250000000e-005,-1.65327e-002
3.196650000000e-005,-1.65327e-002
3.207050000000e-005,-8.49244e-003
3.217450000000e-005,-8.49244e-003
3.227850000000e-005,-8.49244e-003
3.238250000000e-005,-8.49244e-003
3.248650000000e-005,-8.49244e-003
3.259050000000e-005,-8.49244e-003
3.269450000000e-005,-8.49244e-003
3.279850000000e-005,-8.49244e-003
3.290250000000e-005,-8.49244e-003
3.300650000000e-005,-4.52250e-004
3.311050000000e-005,-4.52250e-004
3.321450000000e-005,-4.52250e-004
3.331850000000e-005,-4.52250e-004
3.342250000000e-005,-4.52250e-004
3.352650000000e-005, 7.58797e-003
3.363050000000e-005, 7.58797e-003
3.373450000000e-005, 7.58797e-003
3.383850000000e-005,-4.52250e-004
3.394250000000e-005, 7.58797e-003
3.404650000000e-005, 7.58797e-003
3.415050000000e-005, 7.58797e-003
3.425450000000e-005, 7.58797e-003
3.435850000000e-005, 7.58797e-003
3.446250000000e-005, 7.58797e-003
3.456650000000e-005, 1.56282e-002
3.467050000000e-005, 1.56282e-002
3.477450000000e-005, 1.56282e-002
3.487850000000e-005, 1.56282e-002
3.498250000000e-005, 1.56282e-002
3.508650000000e-005, 2.36683e-002
3.519050000000e-005, 2.36683e-002
3.529450000000e-005, 2.36683e-002
3.539850000000e-005, 2.36683e-002
3.550250000000e-005, 2.36683e-002
3.560650000000e-005, 2.36683e-002
3.571050000000e-005, 2.36683e-002
3.581450000000e-005, 3.17086e-002
3.591850000000e-005, 3.17086e-002
3.602250000000e-005, 3.17086e-002
3.612650000000e-005, 3.17086e-002
3.623050000000e-005, 3.17086e-002
3.633450000000e-005, 3.17086e-002
3.643850000000e-005, 3.97488e-002
3.654250000000e-005, 3.97488e-002
3.664650000000e-005, 3.97488e-002
3.675050000000e-005, 4.77889e-002
3.685450000000e-005, 4.77889e-002
3.695850000000e-005, 4.77889e-002
3.706250000000e-005, 4.77889e-002
3.716650000000e-005, 3.97488e-002
3.727050000000e-005, 4.77889e-002
3.737450000000e-005, 3.97488e-002
3.747850000000e-005, 4.77889e-002
3.758250000000e-005, 4.77889e-002
3.768650000000e-005, 4.77889e-002
3.779050000000e-005, 4.77889e-002
3.789450000000e-005, 4.77889e-002
3.799850000000e-005, 4.77889e-002
3.810250000000e-005, 4.77889e-002
3.820650000000e-005, 4.77889e-002
3.831050000000e-005, 4.77889e-002
3.841450000000e-005, 4.77889e-002
3.851850000000e-005, 5.58292e-002
3.862250000000e-005, 5.58292e-002
3.872650000000e-005, 5.58292e-002
3.883050000000e-005, 5.58292e-002
3.893450000000e-005, 5.58292e-002
3.903850000000e-005, 4.77889e-002
3.914250000000e-005, 5.58292e-002
3.924650000000e-005, 5.58292e-002
3.935050000000e-005, 5.58292e-002
3.945450000000e-005, 5.58292e-002
3.955850000000e-005, 5.58292e-002
3.966250000000e-005, 6.38694e-002
3.976650000000e-005, 5.58292e-002
3.987050000000e-005, 5.58292e-002
3.997450000000e-005, 5.58292e-002
4.007850000000e-005, 5.58292e-002
4.018250000000e-005, 6.38694e-002
4.028650000000e-005, 5.58292e-002
4.039050000000e-005, 5.58292e-002
4.049450000000e-005, 5.58292e-002
4.059850000000e-005, 6.38694e-002
4.070250000000e-005, 6.38694e-002
4.080650000000e-005, 6.38694e-002
4.091050000000e-005, 5.58292e-002
4.101450000000e-005, 6.38694e-002
4.111850000000e-005, 6.38694e-002
4.122250000000e-005, 6.38694e-002
4.132650000000e-005, 6.38694e-002
4.143050000000e-005, 6.38694e-002
4.153450000000e-005, 6.38694e-002
4.163850000000e-005, 5.58292e-002
4.174250000000e-005, 6.38694e-002
4.184650000000e-005, 5.58292e-002
4.195050000000e-005, 5.58292e-002
4.205450000000e-005, 6.38694e-002
4.215850000000e-005, 6.38694e-002
4.226250000000e-005, 5.58292e-002
4.236650000000e-005, 6.38694e-002
4.247050000000e-005, 5.58292e-002
4.257450000000e-005, 5.58292e-002
4.267850000000e-005, 5.58292e-002
4.278250000000e-005, 5.58292e-002
4.288650000000e-005, 5.58292e-002
4.299050000000e-005, 5.58292e-002
4.309450000000e-005, 5.58292e-002
4.319850000000e-005, 4.77889e-002
4.330250000000e-005, 5.58292e-002
4.340650000000e-005, 5.58292e-002
4.351050000000e-005, 5.58292e-002
4.361450000000e-005, 5.58292e-002
4.371850000000e-005, 5.58292e-002
4.382250000000e-005, 5.58292e-002
4.392650000000e-005, 4.77889e-002
4.403050000000e-005, 4.77889e-002
4.413450000000e-005, 4.77889e-002
4.423850000000e-005, 4.77889e-002
4.434250000000e-005, 4.77889e-002
4.444650000000e-005, 4.77889e-002
4.455050000000e-005, 4.77889e-002
4.465450000000e-005, 4.77889e-002
4.475850000000e-005, 4.77889e-002
4.486250000000e-005, 4.77889e-002
4.496650000000e-005, 4.77889e-002
4.507050000000e-005, 4.77889e-002
4.517450000000e-005, 3.97488e-002
4.527850000000e-005, 3.97488e-002
4.538250000000e-005, 4.77889e-002
4.548650000000e-005, 3.97488e-002
4.559050000000e-005, 3.97488e-002
4.569450000000e-005, 3.97488e-002
4.579850000000e-005, 4.77889e-002
4.590250000000e-005, 4.77889e-002
4.600650000000e-005, 3.97488e-002
4.611050000000e-005, 3.97488e-002
4.621450000000e-005, 3.17086e-002
4.631850000000e-005, 3.17086e-002
4.642250000000e-005, 3.97488e-002
4.652650000000e-005, 3.17086e-002
4.663050000000e-005, 3.17086e-002
4.673450000000e-005, 3.17086e-002
4.683850000000e-005, 3.17086e-002
4.694250000000e-005, 2.36683e-002
4.704650000000e-005, 2.36683e-002
4.715050000000e-005, 2.36683e-002
4.725450000000e-005, 3.17086e-002
4.735850000000e-005, 3.17086e-002
4.746250000000e-005, 2.36683e-002
4.756650000000e-005, 2.36683e-002
4.767050000000e-005, 1.56282e-002
4.777450000000e-005, 2.36683e-002
4.787850000000e-005, 1.56282e-002
4.798250000000e-005, 1.56282e-002
4.808650000000e-005, 1.56282e-002
4.819050000000e-005, 1.56282e-002
4.829450000000e-005, 1.56282e-002
4.839850000000e-005, 7.58797e-003
4.850250000000e-005, 7.58797e-003
4.860650000000e-005, 7.58797e-003
4.871050000000e-005, 7.58797e-003
4.881450000000e-005, 7.58797e-003
4.891850000000e-005,-4.52250e-004
4.902250000000e-005,-4.52250e-004
4.912650000000e-005,-4.52250e-004
4.923050000000e-005,-4.52250e-004
4.933450000000e-005,-4.52250e-004
4.943850000000e-005,-4.52250e-004
4.954250000000e-005,-8.49244e-003
4.964650000000e-005,-8.49244e-003
4.975050000000e-005,-8.49244e-003
4.985450000000e-005,-8.49244e-003
4.995850000000e-005,-8.49244e-003
5.006250000000e-005,-8.49244e-003
5.016650000000e-005,-8.49244e-003
5.027050000000e-005,-1.65327e-002
5.037450000000e-005,-1.65327e-002
5.047850000000e-005,-8.49244e-003
5.058250000000e-005,-1.65327e-002
5.068650000000e-005,-1.65327e-002
5.079050000000e-005,-1.65327e-002
5.089450000000e-005,-1.65327e-002
5.099850000000e-005,-1.65327e-002
5.110250000000e-005,-1.65327e-002
5.120650000000e-005,-2.45728e-002
5.131050000000e-005,-1.65327e-002
5.141450000000e-005,-2.45728e-002
5.151850000000e-005,-2.45728e-002
5.162250000000e-005,-2.45728e-002
5.172650000000e-005,-2.45728e-002
5.183050000000e-005,-3.26130e-002
5.193450000000e-005,-2.45728e-002
5.203850000000e-005,-2.45728e-002
5.214250000000e-005,-3.26130e-002
5.224650000000e-005,-3.26130e-002
5.235050000000e-005,-3.26130e-002
5.245450000000e-005,-3.26130e-002
5.255850000000e-005,-3.26130e-002
5.266250000000e-005,-3.26130e-002
5.276650000000e-005,-3.26130e-002
5.287050000000e-005,-3.26130e-002
5.297450000000e-005,-3.26130e-002
5.307850000000e-005,-3.26130e-002
5.318250000000e-005,-3.26130e-002
5.328650000000e-005,-3.26130e-002
5.339050000000e-005,-4.06532e-002
5.349450000000e-005,-3.26130e-002
5.359850000000e-005,-3.26130e-002
5.370250000000e-005,-4.06532e-002
5.380650000000e-005,-4.06532e-002
5.391050000000e-005,-4.06532e-002
5.401450000000e-005,-4.06532e-002
5.411850000000e-005,-4.06532e-002
5.422250000000e-005,-4.06532e-002
5.432650000000e-005,-4.06532e-002
5.443050000000e-005,-4.06532e-002
5.453450000000e-005,-4.86935e-002
5.463850000000e-005,-4.86935e-002
5.474250000000e-005,-4.06532e-002
5.484650000000e-005,-4.06532e-002
5.495050000000e-005,-4.86935e-002
5.505450000000e-005,-4.06532e-002
5.515850000000e-005,-4.06532e-002
5.526250000000e-005,-4.86935e-002
5.536650000000e-005,-4.86935e-002
5.547050000000e-005,-4.86935e-002
5.557450000000e-005,-4.86935e-002
5.567850000000e-005,-4.86935e-002
5.578250000000e-005,-4.86935e-002
5.588650000000e-005,-4.86935e-002
5.599050000000e-005,-4.86935e-002
5.609450000000e-005,-4.06532e-002
5.619850000000e-005,-4.86935e-002
5.630250000000e-005,-4.86935e-002
5.640650000000e-005,-4.86935e-002
5.651050000000e-005,-5.67337e-002
5.661450000000e-005,-4.86935e-002
5.671850000000e-005,-4.86935e-002
5.682250000000e-005,-4.86935e-002
5.692650000000e-005,-5.67337e-002
5.703050000000e-005,-4.86935e-002
5.713450000000e-005,-4.86935e-002
5.723850000000e-005,-4.86935e-002
5.734250000000e-005,-4.86935e-002
5.744650000000e-005,-4.86935e-002
5.755050000000e-005,-5.67337e-002
5.765450000000e-005,-4.86935e-002
5.775850000000e-005,-4.86935e-002
5.786250000000e-005,-4.86935e-002
5.796650000000e-005,-4.86935e-002
5.807050000000e-005,-4.86935e-002
5.817450000000e-005,-4.86935e-002
5.827850000000e-005,-4.86935e-002
5.838250000000e-005,-5.67337e-002
5.848650000000e-005,-5.67337e-002
5.859050000000e-005,-5.67337e-002
5.869450000000e-005,-5.67337e-002
5.879850000000e-005,-4.86935e-002
5.890250000000e-005,-5.67337e-002
5.900650000000e-005,-5.67337e-002
5.911050000000e-005,-5.67337e-002
5.921450000000e-005,-4.86935e-002
5.931850000000e-005,-4.86935e-002
5.942250000000e-005,-5.67337e-002
5.952650000000e-005,-4.86935e-002
5.963050000000e-005,-4.86935e-002
5.973450000000e-005,-5.67337e-002
5.983850000000e-005,-5.67337e-002
5.994250000000e-005,-5.67337e-002
6.004650000000e-005,-4.86935e-002
6.015050000000e-005,-5.67337e-002
6.025450000000e-005,-4.86935e-002
6.035850000000e-005,-4.86935e-002
6.046250000000e-005,-4.86935e-002
6.056650000000e-005,-4.86935e-002
6.067050000000e-005,-4.86935e-002
6.077450000000e-005,-4.86935e-002
6.087850000000e-005,-4.86935e-002
6.098250000000e-005,-4.86935e-002
6.108650000000e-005,-4.86935e-002
6.119050000000e-005,-4.86935e-002
6.129450000000e-005,-4.86935e-002
6.139850000000e-005,-4.86935e-002
6.150250000000e-005,-4.86935e-002
6.160650000000e-005,-4.86935e-002
6.171050000000e-005,-4.86935e-002
6.181450000000e-005,-4.86935e-002
6.191850000000e-005,-4.86935e-002
6.202250000000e-005,-4.86935e-002
6.212650000000e-005,-4.86935e-002
6.223050000000e-005,-5.67337e-002
6.233450000000e-005,-4.86935e-002
6.243850000000e-005,-4.06532e-002
6.254250000000e-005,-4.86935e-002
6.264650000000e-005,-4.86935e-002
6.275050000000e-005,-4.86935e-002
6.285450000000e-005,-4.86935e-002
6.295850000000e-005,-4.86935e-002
6.306250000000e-005,-4.86935e-002
6.316650000000e-005,-4.86935e-002
6.327050000000e-005,-4.06532e-002
6.337450000000e-005,-4.06532e-002
6.347850000000e-005,-4.06532e-002
6.358250000000e-005,-4.06532e-002
6.368650000000e-005,-4.06532e-002
6.379050000000e-005,-4.06532e-002
6.389450000000e-005,-4.06532e-002
6.399850000000e-005,-4.06532e-002
6.410250000000e-005,-4.06532e-002
6.420650000000e-005,-4.06532e-002
6.431050000000e-005,-4.06532e-002
6.441450000000e-005,-4.06532e-002
6.451850000000e-005,-4.06532e-002
6.462250000000e-005,-3.26130e-002
6.472650000000e-005,-3.26130e-002
6.483050000000e-005,-3.26130e-002
6.493450000000e-005,-3.26130e-002
6.503850000000e-005,-3.26130e-002
6.514250000000e-005,-3.26130e-002
6.524650000000e-005,-3.26130e-002
6.535050000000e-005,-3.26130e-002
6.545450000000e-005,-3.26130e-002
6.555850000000e-005,-3.26130e-002
6.566250000000e-005,-2.45728e-002
6.576650000000e-005,-3.26130e-002
6.587050000000e-005,-2.45728e-002
6.597450000000e-005,-2.45728e-002
6.607850000000e-005,-3.26130e-002
6.618250000000e-005,-2.45728e-002
6.628650000000e-005,-2.45728e-002
6.639050000000e-005,-2.45728e-002
6.649450000000e-005,-2.45728e-002
6.659850000000e-005,-2.45728e-002
6.670250000000e-005,-2.45728e-002
6.680650000000e-005,-2.45728e-002
6.691050000000e-005,-2.45728e-002
6.701450000000e-005,-1.65327e-002
6.711850000000e-005,-1.65327e-002
6.722250000000e-005,-1.65327e-002
6.732650000000e-005,-1.65327e-002
6.743050000000e-005,-1.65327e-002
6.753450000000e-005,-1.65327e-002
6.763850000000e-005,-1.65327e-002
6.774250000000e-005,-8.49244e-003
6.784650000000e-005,-8.49244e-003
6.795050000000e-005,-1.65327e-002
6.805450000000e-005,-8.49244e-003
6.815850000000e-005,-1.65327e-002
6.826250000000e-005,-8.49244e-003
6.836650000000e-005,-8.49244e-003
6.847050000000e-005,-8.49244e-003
6.857450000000e-005,-4.52250e-004
6.867850000000e-005,-4.52250e-004
6.878250000000e-005,-4.52250e-004
6.888650000000e-005,-4.52250e-004
6.899050000000e-005,-4.52250e-004
6.909450000000e-005,-4.52250e-004
6.919850000000e-005,-4.52250e-004
6.930250000000e-005,-4.52250e-004
6.940650000000e-005,-4.52250e-004
6.951050000000e-005, 7.58797e-003
6.961450000000e-005, 7.58797e-003
6.971850000000e-005, 7.58797e-003
6.982250000000e-005, 7.58797e-003
6.992650000000e-005, 7.58797e-003
7.003050000000e-005, 1.56282e-002
7.013450000000e-005, 1.56282e-002
7.023850000000e-005, 1.56282e-002
7.034250000000e-005, 1.56282e-002
7.044650000000e-005, 1.56282e-002
7.055050000000e-005, 1.56282e-002
7.065450000000e-005, 1.56282e-002
7.075850000000e-005, 2.36683e-002
7.086250000000e-005, 1.56282e-002
7.096650000000e-005, 2.36683e-002
7.107050000000e-005, 2.36683e-002
7.117450000000e-005, 1.56282e-002
7.127850000000e-005, 2.36683e-002
7.138250000000e-005, 2.36683e-002
7.148650000000e-005, 2.36683e-002
7.159050000000e-005, 3.17086e-002
7.169450000000e-005, 3.17086e-002
7.179850000000e-005, 3.17086e-002
7.190250000000e-005, 3.17086e-002
7.200650000000e-005, 3.17086e-002
7.211050000000e-005, 3.97488e-002
7.221450000000e-005, 3.97488e-002
7.231850000000e-005, 3.97488e-002
7.242250000000e-005, 3.97488e-002
7.252650000000e-005, 3.97488e-002
7.263050000000e-005, 3.97488e-002
7.273450000000e-005, 4.77889e-002
7.283850000000e-005, 4.77889e-002
7.294250000000e-005, 3.97488e-002
7.304650000000e-005, 4.77889e-002
7.315050000000e-005, 3.97488e-002
7.325450000000e-005, 4.77889e-002
7.335850000000e-005, 3.97488e-002
7.346250000000e-005, 4.77889e-002
7.356650000000e-005, 4.77889e-002
7.367050000000e-005, 4.77889e-002
7.377450000000e-005, 4.77889e-002
7.387850000000e-005, 4.77889e-002
7.398250000000e-005, 4.77889e-002
7.408650000000e-005, 5.58292e-002
7.419050000000e-005, 5.58292e-002
7.429450000000e-005, 4.77889e-002
7.439850000000e-005, 4.77889e-002
7.450250000000e-005, 5.58292e-002
7.460650000000e-005, 5.58292e-002
7.471050000000e-005, 5.58292e-002
7.481450000000e-005, 5.58292e-002
7.491850000000e-005, 5.58292e-002
7.502250000000e-005, 5.58292e-002
7.512650000000e-005, 5.58292e-002
7.523050000000e-005, 5.58292e-002
7.533450000000e-005, 5.58292e-002
7.543850000000e-005, 5.58292e-002
7.554250000000e-005, 5.58292e-002
7.564650000000e-005, 5.58292e-002
7.575050000000e-005, 5.58292e-002
7.585450000000e-005, 5.58292e-002
7.595850000000e-005, 5.58292e-002
7.606250000000e-005, 5.58292e-002
7.616650000000e-005, 5.58292e-002
7.627050000000e-005, 5.58292e-002
7.637450000000e-005, 6.38694e-002
7.647850000000e-005, 5.58292e-002
7.658250000000e-005, 5.58292e-002
7.668650000000e-005, 6.38694e-002
7.679050000000e-005, 5.58292e-002
7.689450000000e-005, 5.58292e-002
7.699850000000e-005, 6.38694e-002
7.710250000000e-005, 5.58292e-002
7.720650000000e-005, 6.38694e-002
7.731050000000e-005, 6.38694e-002
7.741450000000e-005, 5.58292e-002
7.751850000000e-005, 5.58292e-002
7.762250000000e-005, 5.58292e-002
7.772650000000e-005, 5.58292e-002
7.783050000000e-005, 5.58292e-002
7.793450000000e-005, 6.38694e-002
7.803850000000e-005, 6.38694e-002
7.814250000000e-005, 5.58292e-002
7.824650000000e-005, 5.58292e-002
7.835050000000e-005, 5.58292e-002
7.845450000000e-005, 5.58292e-002
7.855850000000e-005, 5.58292e-002
7.866250000000e-005, 5.58292e-002
7.876650000000e-005, 5.58292e-002
7.887050000000e-005, 5.58292e-002
7.897450000000e-005, 5.58292e-002
7.907850000000e-005, 5.58292e-002
7.918250000000e-005, 5.58292e-002
7.928650000000e-005, 5.58292e-002
7.939050000000e-005, 5.58292e-002
7.949450000000e-005, 5.58292e-002
7.959850000000e-005, 5.58292e-002
7.970250000000e-005, 4.77889e-002
7.980650000000e-005, 5.58292e-002
7.991050000000e-005, 4.77889e-002
8.001450000000e-005, 5.58292e-002
8.011850000000e-005, 5.58292e-002
8.022250000000e-005, 4.77889e-002
8.032650000000e-005, 4.77889e-002
8.043050000000e-005, 4.77889e-002
8.053450000000e-005, 4.77889e-002
8.063850000000e-005, 4.77889e-002
8.074250000000e-005, 4.77889e-002
8.084650000000e-005, 4.77889e-002
8.095050000000e-005, 4.77889e-002
8.105450000000e-005, 4.77889e-002
8.115850000000e-005, 3.97488e-002
8.126250000000e-005, 4.77889e-002
8.136650000000e-005, 3.97488e-002
8.147050000000e-005, 3.97488e-002
8.157450000000e-005, 3.97488e-002
8.167850000000e-005, 3.17086e-002
8.178250000000e-005, 3.97488e-002
8.188650000000e-005, 3.17086e-002
8.199050000000e-005, 3.17086e-002
8.209450000000e-005, 3.17086e-002
8.219850000000e-005, 3.17086e-002
8.230250000000e-005, 3.17086e-002
8.240650000000e-005, 3.17086e-002
8.251050000000e-005, 3.17086e-002
8.261450000000e-005, 2.36683e-002
8.271850000000e-005, 3.17086e-002
8.282250000000e-005, 3.17086e-002
8.292650000000e-005, 2.36683e-002
8.303050000000e-005, 3.17086e-002
8.313450000000e-005, 2.36683e-002
8.323850000000e-005, 2.36683e-002
8.334250000000e-005, 2.36683e-002
8.344650000000e-005, 2.36683e-002
8.355050000000e-005, 1.56282e-002
8.365450000000e-005, 2.36683e-002
8.375850000000e-005, 1.56282e-002
8.386250000000e-005, 1.56282e-002
8.396650000000e-005, 1.56282e-002
8.407050000000e-005, 7.58797e-003
8.417450000000e-005, 7.58797e-003
8.427850000000e-005, 7.58797e-003
8.438250000000e-005, 7.58797e-003
8.448650000000e-005, 7.58797e-003
8.459050000000e-005, 7.58797e-003
8.469450000000e-005, 7.58797e-003
8.479850000000e-005,-4.52250e-004
8.490250000000e-005,-4.52250e-004
8.500650000000e-005,-4.52250e-004
8.511050000000e-005,-4.52250e-004
8.521450000000e-005,-4.52250e-004
8.531850000000e-005,-4.52250e-004
8.542250000000e-005,-8.49244e-003
8.552650000000e-005,-8.49244e-003
8.563050000000e-005,-1.65327e-002
8.573450000000e-005,-8.49244e-003
8.583850000000e-005,-8.49244e-003
8.594250000000e-005,-8.49244e-003
8.604650000000e-005,-1.65327e-002
8.615050000000e-005,-8.49244e-003
8.625450000000e-005,-8.49244e-003
8.635850000000e-005,-8.49244e-003
8.646250000000e-005,-1.65327e-002
8.656650000000e-005,-1.65327e-002
8.667050000000e-005,-1.65327e-002
8.677450000000e-005,-1.65327e-002
8.687850000000e-005,-1.65327e-002
8.698250000000e-005,-2.45728e-002
8.708650000000e-005,-2.45728e-002
8.719050000000e-005,-2.45728e-002
8.729450000000e-005,-2.45728e-002
8.739850000000e-005,-2.45728e-002
8.750250000000e-005,-2.45728e-002
8.760650000000e-005,-2.45728e-002
8.771050000000e-005,-2.45728e-002
8.781450000000e-005,-3.26130e-002
8.791850000000e-005,-2.45728e-002
8.802250000000e-005,-3.26130e-002
8.812650000000e-005,-2.45728e-002
8.823050000000e-005,-3.26130e-002
8.833450000000e-005,-3.26130e-002
8.843850000000e-005,-3.26130e-002
8.854250000000e-005,-3.26130e-002
8.864650000000e-005,-3.26130e-002
8.875050000000e-005,-3.26130e-002
8.885450000000e-005,-3.26130e-002
8.895850000000e-005,-3.26130e-002
8.906250000000e-005,-3.26130e-002
8.916650000000e-005,-4.06532e-002
8.927050000000e-005,-3.26130e-002
8.937450000000e-005,-3.26130e-002
8.947850000000e-005,-3.26130e-002
8.958250000000e-005,-4.06532e-002
8.968650000000e-005,-4.06532e-002
8.979050000000e-005,-4.06532e-002
8.989450000000e-005,-4.06532e-002
8.999850000000e-005,-4.06532e-002
9.010250000000e-005,-4.06532e-002
9.020650000000e-005,-4.06532e-002
9.031050000000e-005,-4.06532e-002
9.041450000000e-005,-4.06532e-002
9.051850000000e-005,-4.06532e-002
9.062250000000e-005,-4.86935e-002
9.072650000000e-005,-4.86935e-002
9.083050000000e-005,-4.86935e-002
9.093450000000e-005,-4.06532e-002
9.103850000000e-005,-4.86935e-002
9.114250000000e-005,-4.06532e-002
9.124650000000e-005,-4.06532e-002
9.135050000000e-005,-4.86935e-002
9.145450000000e-005,-4.86935e-002
9.155850000000e-005,-4.86935e-002
9.166250000000e-005,-4.86935e-002
9.176650000000e-005,-4.06532e-002
9.187050000000e-005,-4.86935e-002
9.197450000000e-005,-4.86935e-002
9.207850000000e-005,-4.86935e-002
9.218250000000e-005,-4.86935e-002
9.228650000000e-005,-5.67337e-002
9.239050000000e-005,-4.86935e-002
9.249450000000e-005,-4.86935e-002
9.259850000000e-005,-4.86935e-002
9.270250000000e-005,-4.86935e-002
9.280650000000e-005,-4.86935e-002
9.291050000000e-005,-4.86935e-002
9.301450000000e-005,-4.86935e-002
9.311850000000e-005,-4.86935e-002
9.322250000000e-005,-5.67337e-002
9.332650000000e-005,-4.86935e-002
9.343050000000e-005,-5.67337e-002
9.353450000000e-005,-4.86935e-002
9.363850000000e-005,-4.86935e-002
9.374250000000e-005,-5.67337e-002
9.384650000000e-005,-5.67337e-002
9.395050000000e-005,-4.86935e-002